16, 0, 80,1872
16, 0, 96,1876
16, 0, 112,1880
16, 0, 68,1916
16, 0, 88,1912
16, 0, 104,1912
16, 0, 116,1928
16, 0, 112,1944
16, 0, 96,1960
16, 0, 156,1888
16, 0, 156,1908
16, 0, 156,1924
16, 0, 156,1940
16, 0, 148,1956
16, 0, 172,1928
16, 0, 188,1944
16, 0, 204,1940
16, 0, 216,1880
16, 0, 236,1872
16, 0, 252,1868
16, 0, 232,1856
16, 0, 236,1888
16, 0, 232,1904
16, 0, 252,1896
16, 0, 268,1900
16, 0, 276,1916
16, 0, 264,1932
16, 0, 248,1936
3, 1, 192,1504
/
16, 0, 76,1840
16, 0, 96,1832
16, 0, 112,1824
16, 0, 68,1912
16, 0, 84,1900
16, 0, 100,1892
16, 0, 116,1888
16, 0, 136,1884
16, 1, 168,1816
16, 0, 168,1836
16, 0, 172,1856
16, 0, 176,1872
16, 0, 176,1888
16, 0, 184,1820
16, 0, 200,1812
16, 0, 220,1808
16, 0, 236,1804
16, 0, 252,1808
16, 0, 268,1808
16, 0, 284,1812
16, 0, 284,1832
16, 0, 284,1852
16, 0, 284,1872
16, 0, 276,1888
16, 0, 200,1856
16, 0, 216,1848
16, 0, 232,1848
16, 0, 248,1848
16, 0, 204,1892
16, 0, 220,1884
16, 0, 236,1884
16, 0, 252,1884
16, 0, 232,1828
16, 0, 236,1864
/
17, 0, 256,2044
17, 0, 72,1996
17, 0, 248,1960
17, 0, 76,1920
1, 0, 236,1916
8, 1, 128,1504
1, 0, 128,1488
17, 0, 252,1856
17, 0, 212,1824
17, 0, 144,1804
17, 0, 108,1800
17, 0, 100,1752
17, 0, 56,1736
17, 0, 248,1664
17, 0, 304,1632
17, 0, 168,1608
17, 0, 200,1604
17, 0, 224,1540
17, 0, 268,1532
17, 0, 292,1472
17, 0, 64,1448
17, 0, 96,1440
17, 0, 268,1380
17, 0, 92,1340
15, 0, 96,1308
16, 0, 64,1264
17, 0, 76,1184
3, 1, 56,1172
17, 0, 228,1204
17, 0, 312,1172
17, 0, 240,1136
17, 0, 300,1088
17, 0, 260,1076
17, 0, 228,1084
4, 0, 160,1136
8, 1, 160,1152
19, 0, 308,1112
1, 0, 160,1084
4, 0, 144,1084
8, 1, 124,852
1, 0, 76,852
8, 1, 192,784
1, 0, 188,728
12, 0, 168,696
1, 0, 76,564
8, 0, 132,564
4, 0, 108,424
8, 1, 132,424
1, 0, 152,424
4, 0, 172,424
1, 0, 144,344
8, 1, 196,240
14, 1, 188,184
16, 0, 252,168
21, 0, 164,968
21, 0, 180,972
21, 0, 196,972
21, 0, 212,968
21, 0, 164,880
21, 0, 180,880
21, 0, 196,876
21, 0, 212,876
7, 1, 248,768
7, 1, 124,772
7, 1, 56,772
7, 1, 160,644
7, 1, 144,620
7, 1, 132,596
7, 1, 256,532
7, 1, 160,488
7, 1, 132,484
7, 1, 32,452
7, 1, 292,376
7, 1, 252,360
7, 1, 60,320
2, 1, 228,24
2, 1, 200,24
2, 1, 152,28
17, 0, 164,2016
17, 0, 180,1976
17, 0, 144,1892
17, 0, 292,1788
17, 0, 184,1724
17, 0, 264,1704
17, 0, 56,1632
17, 0, 124,1560
17, 0, 220,1492
17, 0, 180,1464
17, 0, 216,1416
17, 0, 148,1400
17, 0, 188,1340
17, 0, 224,1312
17, 0, 164,1264
17, 0, 260,1256
17, 0, 84,1136
17, 0, 96,1044
17, 0, 196,1036
21, 0, 228,968
21, 0, 144,880
/
11, 1, 164,1892
11, 1, 276,1800
1, 0, 248,1744
4, 0, 232,1744
11, 0, 196,1684
16, 0, 232,1560
1, 0, 160,1560
8, 1, 144,1560
1, 0, 256,1376
1, 0, 240,1392
8, 1, 240,1364
11, 1, 284,1364
8, 1, 256,1348
13, 1, 108,1320
13, 1, 168,1324
13, 1, 248,1324
13, 1, 64,1172
13, 1, 76,1216
13, 1, 292,1168
13, 1, 84,1132
17, 0, 236,1064
18, 1, 128,936
20, 0, 84,944
17, 0, 164,508
17, 0, 276,480
17, 0, 88,436
13, 1, 292,320
13, 1, 60,316
13, 1, 312,388
13, 1, 284,280
13, 1, 296,248
13, 1, 296,224
13, 1, 324,208
13, 1, 44,216
13, 1, 56,256
13, 1, 52,276
13, 1, 60,292
13, 1, 44,392
13, 1, 32,332
2, 1, 268,1996
2, 1, 80,2012
7, 1, 276,1644
7, 1, 188,1648
7, 1, 156,1648
7, 1, 64,1644
7, 1, 12,1636
7, 1, 80,1544
7, 1, 148,1540
7, 1, 184,1540
7, 1, 316,1528
20, 0, 284,968
20, 0, 252,968
20, 0, 236,968
20, 0, 268,968
20, 0, 256,928
20, 0, 284,904
20, 0, 252,888
20, 0, 312,868
20, 0, 328,868
20, 0, 236,836
20, 0, 136,808
20, 0, 252,792
20, 0, 192,764
20, 0, 224,732
20, 0, 240,732
20, 0, 292,752
20, 0, 172,712
20, 0, 260,688
20, 0, 200,664
20, 0, 232,672
13, 1, 72,376
20, 0, 208,124
20, 0, 280,96
20, 0, 124,68
2, 1, 188,2008
2, 1, 232,2004
2, 1, 276,1848
2, 1, 208,1844
2, 1, 84,1736
11, 0, 284,1524
17, 0, 60,1020
17, 0, 304,948
17, 0, 28,876
17, 0, 304,816
17, 0, 80,712
17, 0, 244,636
20, 0, 248,48
20, 0, 164,24
19, 0, 328,1084
19, 0, 316,516
/
14, 1, 176,1760
4, 0, 128,1744
4, 0, 144,1760
1, 0, 144,1744
1, 0, 128,1760
7, 1, 68,1644
7, 1, 88,1644
7, 1, 112,1644
12, 0, 96,1664
12, 0, 124,1516
7, 0, 100,1520
7, 1, 196,1524
7, 1, 212,1524
12, 0, 240,1456
7, 1, 276,1480
12, 0, 84,1412
7, 1, 276,1360
7, 1, 68,1344
7, 1, 108,1344
7, 1, 148,1344
12, 0, 180,1308
12, 0, 248,1284
14, 1, 180,1236
12, 0, 232,1184
12, 0, 136,1164
12, 0, 100,1136
12, 0, 64,1112
13, 1, 12,1208
13, 1, 52,1212
13, 1, 252,1208
13, 1, 88,1224
13, 1, 308,1036
13, 1, 76,1076
13, 1, 296,1096
13, 1, 60,1044
13, 1, 276,1020
13, 1, 44,1008
19, 0, 76,984
11, 1, 192,896
16, 0, 260,896
13, 1, 220,828
13, 1, 288,836
13, 1, 36,828
4, 0, 160,848
4, 0, 160,816
8, 1, 160,832
8, 1, 160,800
13, 1, 44,752
13, 1, 96,760
13, 1, 236,756
13, 1, 304,752
13, 1, 80,660
13, 1, 88,700
13, 1, 296,624
1, 0, 104,592
13, 1, 28,504
13, 1, 72,524
13, 1, 284,516
13, 1, 28,412
13, 1, 52,440
13, 1, 96,444
13, 1, 36,468
13, 0, 236,440
13, 1, 292,424
13, 1, 276,464
13, 1, 324,456
11, 0, 160,420
16, 0, 228,384
11, 1, 100,388
11, 1, 128,236
11, 1, 248,268
14, 0, 160,184
11, 1, 200,216
1, 0, 240,172
1, 0, 88,176
20, 0, 208,2052
20, 0, 128,2024
20, 0, 276,1992
20, 0, 204,1964
20, 0, 108,1940
20, 0, 236,1904
20, 0, 112,1876
13, 1, 68,828
20, 0, 272,1944
20, 0, 204,1848
7, 0, 164,1648
7, 0, 224,1596
7, 0, 268,1520
7, 0, 160,1436
7, 0, 208,1388
7, 0, 248,1312
7, 0, 128,1272
7, 0, 284,1172
7, 0, 200,1136
7, 0, 140,1072
7, 0, 220,1028
7, 0, 188,980
7, 0, 252,944
7, 0, 216,672
7, 0, 236,572
7, 0, 212,500
7, 0, 180,364
7, 2, 216,40
7, 2, 144,80
19, 0, 192,1336
19, 0, 4,1108
/
8, 1, 104,1936
4, 0, 120,1936
11, 1, 244,1868
11, 1, 244,1784
1, 0, 112,1712
8, 1, 96,1696
11, 1, 276,1500
8, 1, 96,1448
4, 0, 112,1448
1, 0, 128,1352
1, 0, 144,1352
14, 1, 144,1280
13, 1, 100,1276
13, 1, 80,1272
13, 1, 252,1280
13, 1, 276,1276
3, 1, 276,1244
3, 1, 164,1248
3, 1, 116,1196
3, 1, 284,1164
3, 1, 220,1156
13, 1, 324,1176
13, 1, 308,1176
13, 1, 84,1140
16, 0, 256,1108
3, 1, 92,1100
3, 1, 220,1240
12, 0, 224,872
12, 0, 272,872
1, 0, 184,752
8, 1, 196,736
11, 1, 284,684
8, 1, 196,668
8, 1, 176,624
11, 1, 68,568
11, 1, 236,512
1, 0, 188,396
8, 1, 188,304
8, 1, 160,288
14, 1, 144,192
14, 1, 108,192
11, 0, 276,1616
10, 0, 116,977
12, 0, 248,928
12, 0, 248,820
8, 1, 132,272
2, 1, 244,2020
2, 1, 296,2020
2, 1, 276,2020
2, 1, 260,2020
2, 1, 48,1840
2, 1, 76,1840
2, 1, 120,1840
2, 1, 160,1840
2, 1, 300,1664
2, 1, 276,1664
2, 1, 252,1664
2, 1, 224,1664
2, 1, 120,1560
2, 1, 80,1552
2, 1, 320,1524
2, 1, 308,1432
2, 1, 232,1400
2, 1, 316,1352
2, 1, 224,1332
2, 1, 264,1216
2, 1, 32,1196
2, 1, 180,1128
2, 1, 312,1072
2, 1, 272,1072
2, 1, 96,1044
2, 1, 252,1016
2, 1, 296,1004
2, 1, 316,944
2, 1, 144,924
2, 1, 76,892
2, 1, 148,864
2, 1, 320,788
2, 1, 316,736
2, 1, 88,696
2, 1, 264,644
2, 1, 308,632
2, 1, 268,596
2, 1, 120,552
2, 1, 336,544
2, 1, 292,452
2, 1, 184,436
2, 1, 304,360
2, 1, 116,336
2, 1, 280,264
2, 1, 244,252
2, 1, 320,176
2, 1, 228,164
2, 1, 60,92
2, 1, 180,84
2, 1, 252,68
2, 1, 144,40
19, 0, 20,1024
19, 0, 260,528
/
17, 0, 268,2032
17, 0, 180,1992
17, 0, 96,1952
17, 0, 188,1892
17, 0, 172,1816
17, 0, 108,1808
17, 0, 248,1780
11, 0, 112,1904
4, 0, 112,1888
17, 0, 96,1764
17, 0, 148,1736
17, 0, 212,1700
17, 0, 28,1740
17, 0, 64,1692
17, 0, 112,1660
17, 0, 24,1624
17, 0, 200,1580
11, 1, 136,1528
11, 0, 172,1548
11, 1, 172,1584
11, 0, 136,1608
11, 1, 104,1588
11, 0, 104,1552
17, 0, 52,1536
17, 0, 160,1504
17, 0, 80,1488
17, 0, 140,1460
17, 0, 40,1412
17, 0, 108,1372
17, 0, 172,1328
17, 0, 80,1312
4, 0, 112,1272
8, 1, 128,1256
1, 0, 144,1240
4, 0, 160,1228
17, 0, 176,1272
17, 0, 104,1224
17, 0, 200,1208
17, 0, 144,1204
17, 0, 84,1180
17, 0, 208,1160
5, 1, 112,1108
8, 1, 168,1032
17, 0, 168,1124
17, 0, 196,1068
17, 0, 100,1048
17, 0, 196,988
17, 0, 140,940
17, 0, 212,912
17, 0, 40,944
16, 0, 28,984
1, 0, 96,848
1, 0, 192,848
4, 0, 144,848
4, 0, 48,848
17, 0, 48,604
17, 0, 12,552
17, 0, 184,532
17, 0, 68,488
17, 0, 248,488
1, 0, 160,424
1, 0, 200,424
17, 0, 44,456
17, 0, 132,492
17, 0, 132,560
12, 0, 36,396
17, 0, 32,380
17, 0, 88,336
12, 0, 64,312
17, 0, 140,300
17, 0, 172,276
17, 0, 216,276
17, 0, 192,240
17, 0, 132,240
17, 0, 92,252
17, 0, 44,224
17, 0, 124,180
17, 0, 68,172
17, 0, 164,128
17, 0, 228,184
17, 0, 192,184
17, 0, 256,224
16, 0, 240,132
19, 0, 180,804
0, 1, 316,224
17, 0, 100,2044
17, 0, 288,1948
17, 0, 264,1852
17, 0, 0,1832
17, 0, 320,1740
17, 0, 252,1668
17, 0, 284,1576
17, 0, 244,1484
17, 0, 184,1408
17, 0, 268,1312
17, 0, 296,1372
17, 0, 284,1220
17, 0, 28,1224
17, 0, 280,1120
17, 0, 16,1088
17, 0, 280,1040
17, 0, 276,964
17, 0, 268,816
17, 0, 52,788
17, 0, 236,736
17, 0, 136,764
17, 0, 48,708
17, 0, 212,628
17, 0, 188,708
17, 0, 120,664
17, 0, 304,680
17, 0, 304,620
17, 0, 236,580
17, 0, 264,680
17, 0, 160,612
17, 0, 304,552
17, 0, 292,472
17, 0, 288,420
17, 0, 156,372
17, 0, 272,352
17, 0, 220,312
17, 0, 300,280
17, 0, 236,432
17, 0, 60,108
17, 0, 276,80
17, 0, 104,32
17, 0, 248,32
17, 0, 40,2000
17, 0, 252,1940
17, 0, 52,1892
17, 0, 268,1736
17, 0, 296,1636
17, 0, 196,1620
17, 0, 272,1544
17, 0, 304,1512
17, 0, 280,1460
17, 0, 244,1376
17, 0, 20,1352
17, 0, 36,1260
17, 0, 292,1168
17, 0, 48,1144
17, 0, 52,1048
17, 0, 108,992
17, 0, 308,1004
17, 0, 316,908
17, 0, 244,864
17, 0, 312,848
17, 0, 236,776
17, 0, 300,760
17, 0, 180,668
17, 0, 132,716
17, 0, 68,660
19, 0, 236,1108
/
3, 1, 64,1952
3, 1, 160,1980
3, 1, 276,1960
13, 1, 64,2032
13, 1, 20,1860
13, 1, 28,1920
11, 0, 248,1900
8, 1, 192,1776
8, 1, 136,1776
1, 0, 108,1792
1, 0, 224,1792
8, 1, 80,1816
8, 1, 256,1816
11, 0, 164,1760
8, 1, 192,1592
8, 1, 256,1592
14, 1, 216,1600
4, 0, 224,1624
4, 0, 224,1560
1, 0, 220,1416
11, 0, 120,1324
11, 0, 268,1324
11, 0, 172,1324
11, 0, 164,1200
11, 0, 268,1200
8, 1, 224,1168
1, 0, 208,1168
20, 0, 144,1264
20, 0, 192,1160
20, 0, 152,1140
1, 0, 220,912
8, 1, 204,912
11, 0, 268,896
16, 0, 28,936
11, 1, 268,856
11, 0, 268,816
12, 0, 268,780
12, 0, 268,744
11, 0, 132,564
11, 0, 104,564
11, 0, 220,564
6, 1, 104,432
6, 1, 216,432
11, 1, 192,320
11, 0, 224,288
11, 0, 252,260
11, 0, 148,272
11, 0, 136,232
11, 0, 116,212
6, 1, 148,160
1, 0, 148,192
1, 0, 212,192
6, 1, 212,160
1, 0, 180,192
13, 1, 84,2032
3, 1, 228,1976
20, 0, 152,1376
20, 0, 184,1376
20, 0, 188,1268
20, 0, 224,1212
20, 0, 132,1028
20, 0, 172,1032
20, 0, 212,1040
20, 0, 252,992
20, 0, 244,956
20, 0, 184,972
20, 0, 156,972
20, 0, 240,1076
13, 1, 120,2032
13, 1, 292,1776
13, 1, 116,1680
13, 1, 288,1664
13, 1, 316,1664
13, 1, 104,1516
13, 1, 80,1516
13, 1, 48,1516
13, 1, 272,1444
13, 1, 300,1452
13, 1, 44,1376
13, 1, 268,1268
13, 1, 64,1168
13, 1, 268,1120
13, 1, 68,1040
13, 1, 300,952
13, 1, 96,904
13, 1, 228,832
13, 1, 108,800
13, 1, 208,752
13, 1, 304,692
13, 1, 176,648
13, 1, 56,628
13, 1, 288,548
13, 1, 172,492
13, 1, 48,460
13, 1, 288,416
13, 1, 228,380
13, 1, 104,336
13, 1, 292,292
13, 1, 184,228
13, 1, 280,176
13, 1, 60,112
13, 1, 244,80
13, 1, 132,16
19, 0, 304,1088
19, 0, 100,520
/
16, 0, 112,1952
16, 0, 144,1940
16, 0, 176,1928
16, 0, 208,1916
7, 2, 260,1820
7, 2, 180,1840
7, 2, 204,1840
14, 1, 192,1712
7, 2, 60,1740
7, 2, 88,1752
7, 2, 144,1752
7, 2, 184,1740
7, 2, 152,1832
3, 1, 204,1624
3, 1, 112,1588
3, 1, 124,1560
3, 1, 224,1528
9, 0, 168,1436
18, 1, 128,1016
20, 0, 272,900
20, 0, 80,924
20, 0, 72,868
20, 0, 196,860
20, 0, 148,920
20, 0, 100,772
20, 0, 148,832
20, 0, 272,776
20, 0, 256,832
3, 1, 88,532
3, 1, 136,532
3, 1, 184,536
3, 1, 252,540
3, 1, 288,540
3, 1, 232,464
3, 1, 252,432
3, 1, 120,448
3, 1, 148,412
3, 1, 84,388
3, 1, 240,364
3, 1, 300,356
21, 0, 144,2052
21, 0, 164,2052
21, 0, 180,2052
21, 0, 196,2052
21, 0, 132,1996
21, 0, 148,1996
21, 0, 164,1996
21, 0, 180,1996
21, 0, 260,1952
21, 0, 276,1948
21, 0, 292,1952
21, 0, 308,1952
21, 0, 252,1904
21, 0, 268,1904
21, 0, 284,1904
21, 0, 300,1904
7, 2, 232,1828
20, 0, 244,1692
20, 0, 96,1628
20, 0, 112,1632
20, 0, 128,1632
23, 0, 180,1108
20, 0, 256,708
20, 0, 236,712
20, 0, 220,712
20, 0, 204,712
20, 0, 140,680
20, 0, 232,660
20, 0, 168,636
20, 0, 152,636
20, 0, 264,608
20, 0, 304,688
3, 1, 224,540
5, 0, 216,300
5, 0, 152,340
5, 0, 296,228
5, 0, 96,284
5, 0, 68,224
5, 0, 240,156
5, 0, 84,128
21, 0, 220,2052
21, 0, 200,2000
21, 0, 328,1952
21, 0, 332,1900
20, 0, 188,896
20, 0, 248,892
20, 0, 220,824
20, 0, 204,812
20, 0, 180,756
20, 0, 200,756
20, 0, 216,756
20, 0, 84,712
20, 0, 328,632
20, 0, 176,592
20, 0, 152,592
3, 1, 272,508
3, 1, 216,396
3, 1, 324,396
3, 1, 252,320
3, 1, 292,292
3, 1, 208,268
3, 1, 160,248
3, 1, 256,208
3, 1, 192,196
3, 1, 300,188
3, 1, 112,148
3, 1, 212,104
3, 1, 172,160
3, 1, 40,156
3, 1, 312,80
19, 0, 328,528
/
5, 1, 56,2020
5, 1, 84,2020
5, 1, 128,2028
5, 1, 168,2020
11, 1, 104,1512
11, 0, 104,1496
11, 1, 120,1496
11, 1, 136,1512
11, 0, 104,1528
11, 1, 120,1528
11, 0, 136,1528
11, 0, 136,1496
4, 0, 112,1360
4, 0, 128,1376
4, 0, 128,1344
4, 0, 96,1344
4, 0, 96,1376
1, 0, 240,1136
1, 0, 240,1152
4, 0, 224,1080
4, 0, 240,1080
1, 0, 112,880
4, 0, 144,880
1, 0, 176,880
11, 1, 168,784
16, 0, 168,560
16, 0, 200,560
16, 0, 136,560
16, 0, 104,560
16, 0, 104,528
16, 0, 136,528
16, 0, 168,528
16, 0, 200,528
4, 0, 176,424
8, 1, 208,424
4, 0, 240,424
15, 1, 176,280
15, 1, 176,232
7, 2, 160,1884
7, 2, 176,1884
7, 2, 192,1884
7, 2, 208,1884
7, 2, 228,1876
7, 2, 84,1748
7, 2, 100,1748
7, 2, 116,1748
7, 2, 132,1748
7, 2, 148,1748
23, 0, 240,1312
23, 0, 284,1132
23, 0, 196,1000
1, 0, 224,336
6, 0, 264,200
6, 0, 264,144
6, 0, 104,144
6, 0, 104,200
7, 2, 252,1876
7, 2, 128,1720
7, 2, 252,1616
7, 2, 228,1616
7, 2, 208,1616
7, 2, 184,1616
7, 2, 164,1620
7, 2, 224,1592
7, 2, 272,828
7, 2, 240,828
7, 2, 128,660
7, 2, 204,660
7, 2, 244,656
7, 2, 280,656
7, 2, 164,660
7, 2, 188,632
7, 2, 228,632
7, 2, 276,476
7, 2, 120,376
7, 2, 264,276
19, 0, 260,1108
/
17, 0, 276,1940
17, 0, 40,1932
17, 0, 80,1876
17, 0, 120,1828
11, 1, 276,1760
17, 0, 172,1880
11, 0, 164,1848
17, 0, 252,1744
17, 0, 100,1716
17, 0, 260,1672
17, 0, 208,1656
11, 1, 276,1640
1, 0, 160,1624
8, 1, 144,1624
12, 0, 196,1560
12, 0, 284,1404
12, 0, 196,1440
12, 0, 196,1528
12, 0, 196,1496
12, 0, 284,1340
17, 0, 212,1348
17, 0, 72,1224
17, 0, 112,1156
17, 0, 316,1268
16, 0, 208,1048
16, 0, 212,1104
17, 0, 308,1064
17, 0, 244,1040
17, 0, 128,1020
17, 0, 84,996
11, 1, 268,956
17, 0, 276,928
17, 0, 312,908
17, 0, 240,892
4, 0, 104,816
1, 0, 120,832
4, 0, 136,848
1, 0, 152,864
4, 0, 168,880
1, 0, 216,928
4, 0, 200,912
17, 0, 160,948
21, 0, 68,588
21, 0, 108,592
21, 0, 160,592
21, 0, 180,592
21, 0, 208,592
21, 0, 244,592
17, 0, 148,336
13, 0, 264,528
13, 0, 284,528
13, 0, 80,540
13, 0, 60,540
11, 0, 92,340
14, 1, 216,320
4, 0, 160,160
4, 0, 120,160
17, 0, 184,204
1, 0, 160,200
1, 0, 120,200
16, 0, 212,156
16, 0, 244,184
16, 0, 276,212
16, 0, 308,244
10, 0, 232,1877
0, 1, 292,2040
21, 0, 252,1316
21, 0, 268,1316
21, 0, 284,1316
21, 0, 300,1316
21, 0, 224,1236
21, 0, 240,1240
21, 0, 256,1240
21, 0, 272,1240
21, 0, 248,1168
21, 0, 264,1168
21, 0, 280,1168
21, 0, 296,1168
17, 0, 260,1208
21, 0, 284,1112
21, 0, 300,1112
21, 0, 332,1112
21, 0, 316,1112
1, 0, 184,896
21, 0, 156,820
21, 0, 172,820
21, 0, 188,820
21, 0, 204,820
21, 0, 220,820
21, 0, 236,820
21, 0, 144,744
21, 0, 160,744
21, 0, 180,744
21, 0, 196,744
21, 0, 212,744
21, 0, 228,744
17, 0, 160,652
21, 0, 240,664
21, 0, 256,664
21, 0, 272,664
21, 0, 288,664
21, 0, 304,664
21, 0, 320,664
17, 0, 272,608
17, 0, 160,560
17, 0, 172,500
17, 0, 224,392
17, 0, 276,384
17, 0, 140,372
17, 0, 264,436
17, 0, 212,464
17, 0, 220,552
17, 0, 288,488
17, 0, 128,1960
17, 0, 160,1956
17, 0, 192,1984
17, 0, 180,2044
17, 0, 284,1864
17, 0, 288,1832
17, 0, 44,1780
17, 0, 76,1772
17, 0, 112,1772
17, 0, 52,1644
17, 0, 60,1608
17, 0, 292,1600
17, 0, 284,1568
17, 0, 256,1488
17, 0, 288,1468
17, 0, 116,1528
17, 0, 44,1520
17, 0, 104,1416
17, 0, 144,1388
17, 0, 176,1384
17, 0, 208,1388
17, 0, 44,1332
17, 0, 60,1300
17, 0, 96,1272
17, 0, 168,1224
17, 0, 168,1188
17, 0, 68,1128
17, 0, 68,1088
17, 0, 296,1004
17, 0, 100,928
17, 0, 84,896
17, 0, 260,840
17, 0, 284,808
17, 0, 48,788
17, 0, 52,756
17, 0, 108,732
17, 0, 124,700
17, 0, 256,728
17, 0, 60,680
17, 0, 52,644
17, 0, 308,576
17, 0, 76,500
17, 0, 60,468
17, 0, 152,452
17, 0, 132,420
17, 0, 284,336
17, 0, 164,276
17, 0, 132,284
17, 0, 44,236
17, 0, 32,204
17, 0, 284,160
17, 0, 276,128
17, 0, 196,100
17, 0, 112,84
17, 0, 228,72
17, 0, 120,120
17, 0, 24,76
17, 0, 224,256
17, 0, 296,284
19, 0, 212,520
/
11, 1, 264,1900
1, 0, 96,1808
1, 0, 112,1824
1, 0, 216,1824
1, 0, 232,1808
11, 1, 164,1752
12, 0, 216,1616
12, 0, 232,1616
12, 0, 232,1588
12, 0, 216,1588
4, 0, 112,1512
4, 0, 112,1496
4, 0, 144,1496
4, 0, 144,1480
11, 1, 84,1464
11, 1, 172,1352
11, 1, 268,1320
11, 1, 268,1296
13, 1, 220,1244
13, 1, 248,1240
13, 1, 100,1232
13, 1, 236,1224
11, 0, 164,1176
13, 1, 84,1160
13, 1, 260,1128
13, 1, 296,1120
13, 1, 148,1124
13, 1, 116,1124
4, 0, 192,952
1, 0, 208,952
1, 0, 192,888
4, 0, 208,888
11, 1, 100,564
11, 1, 128,564
11, 1, 160,564
11, 0, 120,432
11, 0, 104,432
12, 0, 268,304
12, 0, 268,272
12, 0, 268,244
12, 0, 268,192
14, 1, 180,188
11, 1, 224,180
11, 1, 148,180
16, 0, 56,1104
16, 0, 72,1104
16, 0, 56,1120
16, 0, 72,1120
6, 0, 232,1824
6, 0, 216,1808
6, 0, 112,1808
6, 0, 96,1824
20, 0, 236,1080
20, 0, 192,1064
20, 0, 244,1056
20, 0, 208,1044
20, 0, 180,1024
20, 0, 208,1012
20, 0, 180,992
20, 0, 208,980
20, 0, 168,968
11, 1, 268,928
20, 0, 112,852
20, 0, 128,852
20, 0, 144,852
20, 0, 216,828
20, 0, 160,808
20, 0, 240,788
20, 0, 256,788
20, 0, 176,764
20, 0, 236,748
20, 0, 132,728
20, 0, 232,708
6, 0, 120,668
6, 0, 184,372
6, 0, 200,356
6, 0, 216,340
6, 0, 232,324
13, 0, 200,2020
13, 0, 216,2020
13, 0, 236,2020
13, 0, 260,2020
13, 0, 280,2024
13, 0, 300,2024
13, 0, 316,2024
13, 0, 112,1908
13, 0, 96,1908
13, 0, 80,1908
13, 0, 64,1908
13, 0, 48,1908
13, 0, 32,1908
13, 0, 236,1784
13, 0, 256,1784
13, 0, 276,1784
13, 0, 296,1784
13, 0, 312,1784
13, 0, 328,1788
13, 0, 112,1672
13, 0, 92,1672
13, 0, 76,1672
13, 0, 56,1672
13, 0, 40,1672
13, 0, 24,1672
13, 0, 208,1536
13, 0, 228,1540
13, 0, 248,1540
13, 0, 268,1540
13, 0, 284,1540
13, 0, 300,1540
13, 0, 116,1400
13, 0, 100,1400
13, 0, 80,1400
13, 0, 64,1400
13, 0, 48,1400
13, 0, 32,1400
13, 0, 244,1184
13, 0, 264,1184
13, 0, 280,1180
13, 0, 296,1180
13, 0, 316,1184
20, 0, 284,1008
20, 0, 268,992
20, 0, 120,1012
20, 0, 120,992
20, 0, 120,976
20, 0, 252,876
20, 0, 256,860
20, 0, 156,924
20, 0, 152,908
20, 0, 204,788
20, 0, 212,772
20, 0, 296,736
20, 0, 296,720
20, 0, 292,704
20, 0, 184,660
20, 0, 200,648
20, 0, 220,648
20, 0, 240,648
20, 0, 264,588
20, 0, 248,584
20, 0, 232,588
20, 0, 196,616
13, 0, 196,512
13, 0, 212,508
13, 0, 228,508
13, 0, 252,508
13, 0, 268,508
13, 0, 284,508
13, 0, 300,508
13, 0, 100,380
13, 0, 84,384
13, 0, 68,384
13, 0, 52,388
13, 0, 36,388
13, 0, 20,388
13, 0, 112,252
13, 0, 96,252
13, 0, 80,252
13, 0, 64,252
13, 0, 48,252
13, 0, 32,252
13, 0, 100,132
13, 0, 84,132
13, 0, 68,132
13, 0, 52,132
13, 0, 36,132
13, 0, 20,128
19, 0, 328,1088
19, 0, 64,524
/
6, 1, 176,1928
6, 1, 128,1928
6, 1, 252,1960
1, 0, 176,1840
6, 1, 88,1732
6, 1, 88,1784
14, 1, 204,1424
14, 1, 76,1424
13, 1, 52,1360
13, 1, 204,1364
13, 1, 224,1364
13, 1, 28,1304
13, 1, 44,1304
13, 1, 204,1312
13, 1, 220,1316
13, 1, 68,1232
13, 1, 68,1172
13, 1, 192,1188
13, 1, 228,1192
13, 1, 224,1240
13, 1, 244,1240
2, 1, 16,996
2, 1, 40,1000
2, 1, 220,996
12, 0, 112,1352
12, 0, 152,1320
12, 0, 192,1288
12, 0, 232,1256
12, 0, 192,1172
12, 0, 152,1144
12, 0, 112,1112
12, 0, 72,1080
2, 1, 196,1000
2, 1, 100,912
2, 1, 132,928
2, 1, 204,920
2, 1, 228,920
1, 0, 80,888
8, 1, 96,872
8, 1, 128,840
1, 0, 112,856
1, 0, 144,824
7, 2, 188,628
7, 2, 224,564
2, 1, 260,488
2, 1, 120,488
2, 1, 56,448
2, 1, 276,440
6, 1, 96,424
2, 1, 112,404
2, 1, 260,404
2, 1, 236,356
2, 1, 252,332
13, 1, 272,248
13, 1, 56,248
13, 1, 48,200
13, 1, 288,152
16, 0, 244,508
16, 0, 260,508
1, 0, 160,1856
1, 0, 144,1872
1, 0, 128,1888
2, 1, 232,840
2, 1, 252,840
2, 1, 268,840
2, 1, 284,840
7, 2, 124,736
7, 2, 148,736
7, 2, 172,740
7, 2, 96,736
11, 1, 88,284
11, 1, 88,268
11, 1, 228,284
11, 1, 228,268
21, 0, 144,228
21, 0, 160,228
21, 0, 176,228
21, 0, 192,224
21, 0, 208,228
21, 0, 216,176
21, 0, 200,176
21, 0, 184,176
21, 0, 160,164
21, 0, 216,108
21, 0, 232,108
21, 0, 248,108
21, 0, 264,108
22, 0, 188,1668
22, 0, 236,1628
22, 0, 168,1596
22, 0, 232,1556
22, 0, 120,1524
22, 0, 220,1468
7, 2, 200,744
7, 2, 156,692
7, 2, 132,692
21, 0, 236,176
21, 0, 288,112
21, 0, 152,40
21, 0, 136,40
21, 0, 120,36
21, 0, 104,36
21, 0, 88,36
19, 0, 324,1020
/
9, 0, 168,1288
0, 1, 44,516
0, 1, 32,484
0, 1, 48,484
0, 1, 44,552
0, 1, 28,516
0, 1, 56,444
0, 1, 80,444
0, 1, 252,452
0, 1, 296,496
0, 1, 52,400
0, 1, 80,400
0, 1, 236,404
0, 1, 280,408
0, 1, 276,324
0, 1, 252,344
0, 1, 132,348
0, 1, 64,188
0, 1, 108,192
0, 1, 264,200
0, 0, 248,204
0, 1, 64,144
0, 1, 84,144
0, 1, 108,144
0, 1, 248,148
0, 1, 248,108
0, 1, 248,84
0, 1, 96,96
0, 1, 100,80
0, 1, 100,48
0, 1, 124,48
0, 1, 252,48
2, 1, 172,2044
2, 1, 188,2044
2, 1, 204,2044
2, 1, 220,2044
17, 0, 272,1948
17, 0, 96,1912
23, 0, 124,916
18, 0, 128,816
20, 0, 248,872
20, 0, 176,876
20, 0, 96,852
21, 0, 248,744
21, 0, 264,744
21, 0, 284,748
21, 0, 300,748
21, 0, 168,680
21, 0, 184,680
21, 0, 200,680
21, 0, 216,680
17, 0, 192,1992
17, 0, 280,1868
17, 0, 60,1844
17, 0, 252,1656
17, 0, 52,1680
17, 0, 148,1680
17, 0, 212,1584
17, 0, 252,1588
17, 0, 288,1588
17, 0, 84,1580
17, 0, 52,1576
17, 0, 32,1544
17, 0, 64,1524
17, 0, 96,1516
17, 0, 128,1500
17, 0, 196,1464
17, 0, 240,1464
17, 0, 280,1456
17, 0, 312,1448
17, 0, 244,1368
17, 0, 212,1372
17, 0, 168,1372
17, 0, 132,1372
17, 0, 96,1368
17, 0, 44,1332
17, 0, 224,1332
17, 0, 260,1328
17, 0, 128,1424
17, 0, 172,1936
17, 0, 180,1892
17, 0, 308,1832
17, 0, 308,1672
17, 0, 308,1636
17, 0, 176,1836
17, 0, 24,1900
17, 0, 56,1880
17, 0, 116,1684
17, 0, 84,1656
17, 0, 64,1624
17, 0, 124,1852
17, 0, 216,1876
17, 0, 236,1844
17, 0, 92,1824
17, 0, 92,1868
17, 0, 140,1916
17, 0, 148,1884
17, 0, 132,1820
17, 0, 196,1644
17, 0, 128,1648
17, 0, 124,1616
17, 0, 156,1612
17, 0, 228,1624
17, 0, 176,1576
17, 0, 140,1564
17, 0, 160,1528
17, 0, 192,1536
17, 0, 240,1552
17, 0, 252,1516
17, 0, 92,1468
17, 0, 56,1492
17, 0, 48,1460
17, 0, 56,1428
17, 0, 88,1428
17, 0, 148,1456
17, 0, 228,1432
17, 0, 188,1424
17, 0, 260,1424
17, 0, 176,1496
17, 1, 284,1520
17, 0, 316,1516
17, 0, 296,1552
17, 0, 296,1388
17, 0, 64,1384
17, 0, 32,1380
17, 0, 4,1416
17, 0, 8,1448
17, 0, 8,1484
17, 0, 16,1584
17, 0, 20,1620
17, 0, 100,1548
17, 0, 264,1688
17, 0, 208,1688
17, 0, 272,1900
17, 0, 240,1912
17, 0, 208,1928
17, 0, 312,1884
17, 0, 64,1932
17, 0, 96,1948
17, 0, 140,1956
17, 0, 28,1936
21, 0, 232,680
21, 0, 316,748
21, 0, 188,584
21, 0, 172,584
21, 0, 156,584
21, 0, 140,584
21, 0, 124,584
21, 0, 108,580
21, 0, 92,580
18, 0, 240,1784
18, 0, 16,1784
22, 0, 220,1064
22, 0, 140,1040
22, 0, 216,1020
22, 0, 128,984
22, 0, 204,960
17, 0, 168,1784
17, 0, 136,1788
17, 0, 124,1756
17, 0, 192,1720
17, 0, 208,1760
17, 0, 160,1748
17, 0, 136,1716
17, 0, 208,1800
21, 0, 248,680
21, 0, 140,448
21, 0, 156,448
21, 0, 172,448
21, 0, 188,448
21, 0, 204,448
21, 0, 220,448
21, 0, 124,448
21, 0, 108,448
21, 0, 276,268
21, 0, 260,268
21, 0, 244,268
21, 0, 228,264
21, 0, 212,268
21, 0, 196,264
21, 0, 180,264
21, 0, 164,264
21, 0, 148,264
19, 0, 164,1108
/
16, 0, 60,1896
8, 1, 140,1896
1, 0, 140,1808
11, 1, 212,1760
11, 1, 212,1836
11, 1, 212,1896
11, 1, 228,1716
1, 0, 64,1696
1, 0, 80,1712
11, 1, 244,1648
11, 1, 244,1572
1, 0, 192,1568
8, 1, 192,1656
12, 0, 244,1512
12, 0, 244,1476
1, 0, 64,1448
8, 0, 80,1448
16, 0, 192,1452
1, 0, 128,1272
8, 0, 112,1272
16, 0, 96,1344
14, 1, 68,964
11, 1, 216,920
11, 1, 232,920
11, 1, 232,904
11, 1, 216,904
11, 1, 100,776
1, 0, 144,752
1, 0, 208,696
11, 1, 100,648
11, 1, 76,572
11, 1, 184,572
8, 1, 88,464
1, 0, 128,424
12, 0, 236,244
6, 1, 192,240
6, 1, 128,240
6, 1, 160,240
6, 1, 160,208
12, 0, 236,200
12, 0, 236,164
14, 1, 84,180
22, 0, 164,1108
22, 0, 164,1080
22, 0, 164,1052
22, 0, 164,1024
16, 0, 240,712
8, 1, 176,724
5, 0, 248,1996
5, 0, 112,1960
5, 0, 280,1868
5, 0, 92,1848
5, 0, 308,1768
5, 0, 120,1740
5, 0, 308,1664
5, 0, 104,1604
5, 0, 292,1548
5, 0, 64,1504
5, 0, 300,1436
5, 0, 76,1312
5, 0, 144,1404
5, 0, 240,1244
5, 0, 76,1200
5, 0, 284,1152
5, 0, 100,1068
5, 0, 252,1020
5, 0, 144,976
5, 0, 292,908
5, 0, 120,876
5, 0, 280,844
5, 0, 188,816
5, 0, 56,724
5, 0, 280,688
5, 0, 176,628
5, 0, 288,568
5, 0, 128,532
5, 0, 272,488
5, 0, 180,476
5, 0, 280,412
5, 0, 192,392
5, 0, 56,352
5, 0, 268,348
5, 0, 168,328
5, 0, 300,308
5, 0, 80,272
5, 0, 288,220
5, 0, 172,180
5, 0, 44,124
5, 0, 292,120
5, 0, 152,100
5, 0, 80,60
5, 0, 260,36
5, 0, 284,788
5, 0, 216,860
5, 0, 216,984
5, 0, 212,1140
5, 0, 220,1304
5, 0, 232,1368
5, 0, 152,1544
5, 0, 84,2000
5, 0, 184,2044
19, 0, 72,1024
19, 0, 328,1084
19, 0, 248,524
/
8, 1, 280,960
8, 1, 200,960
8, 1, 216,992
8, 1, 176,992
8, 1, 80,992
8, 1, 112,960
12, 0, 252,880
14, 1, 176,896
12, 0, 252,832
16, 1, 140,788
11, 1, 248,604
8, 1, 176,624
1, 0, 192,608
6, 1, 204,536
16, 0, 204,488
6, 1, 280,484
6, 1, 116,484
11, 1, 252,468
11, 0, 140,472
6, 1, 200,440
13, 1, 252,392
13, 1, 260,360
13, 1, 84,316
13, 1, 264,304
11, 1, 252,256
11, 1, 236,256
11, 1, 232,220
14, 1, 144,184
14, 1, 176,184
16, 0, 124,808
21, 0, 140,412
21, 0, 156,412
21, 0, 172,412
21, 0, 188,412
21, 0, 136,288
21, 0, 152,288
21, 0, 168,288
21, 0, 184,288
21, 0, 172,376
21, 0, 188,376
21, 0, 204,376
21, 1, 224,376
21, 0, 152,332
21, 0, 188,332
21, 0, 204,332
21, 0, 168,332
18, 0, 128,2052
18, 0, 240,1904
18, 0, 20,1904
22, 0, 284,1956
22, 0, 68,1960
23, 0, 168,1812
20, 0, 288,1756
20, 0, 268,1756
20, 0, 216,1756
20, 0, 188,1760
20, 0, 136,1760
20, 0, 84,1760
20, 0, 140,1728
20, 0, 196,1660
20, 0, 252,1692
20, 0, 220,1708
20, 0, 200,1712
20, 0, 164,1676
20, 0, 44,1692
20, 0, 80,1672
20, 0, 56,1708
20, 0, 184,1744
20, 0, 152,1744
20, 0, 216,1632
20, 0, 220,1524
20, 0, 236,1528
20, 0, 224,1544
20, 0, 148,1580
20, 0, 80,1604
20, 0, 196,1588
20, 0, 256,1612
20, 0, 232,1640
20, 0, 64,1640
20, 0, 172,1628
20, 0, 144,1644
20, 0, 52,1620
20, 0, 116,1612
20, 0, 160,1600
20, 0, 272,1620
22, 0, 260,1572
22, 0, 64,1572
22, 0, 216,1776
20, 0, 240,2048
20, 0, 256,2052
20, 0, 272,2052
20, 0, 288,2052
20, 0, 104,2048
20, 0, 88,2048
20, 0, 72,2048
20, 0, 56,2048
20, 0, 40,2048
20, 0, 92,2008
20, 0, 248,2000
20, 0, 304,1992
20, 0, 244,1944
20, 0, 224,1940
20, 0, 196,1940
20, 0, 136,1936
20, 0, 148,1888
20, 0, 164,1880
20, 0, 180,1876
20, 0, 216,1804
20, 0, 112,1796
20, 0, 96,1796
20, 0, 44,1788
20, 0, 28,1784
20, 0, 44,1772
20, 0, 232,1788
20, 0, 252,1788
20, 0, 272,1792
20, 0, 288,1792
20, 0, 308,1792
20, 0, 324,1784
20, 0, 300,1772
20, 0, 284,1772
20, 0, 260,1772
20, 0, 304,1736
20, 0, 312,1720
20, 0, 312,1704
20, 0, 300,1688
20, 0, 284,1676
18, 0, 128,1428
18, 0, 32,1428
18, 0, 224,1428
23, 0, 168,1448
23, 0, 168,1284
23, 0, 168,1156
23, 0, 168,1028
3, 2, 236,764
3, 2, 108,692
3, 2, 252,568
21, 0, 124,412
21, 0, 108,412
21, 0, 92,412
21, 0, 240,376
21, 0, 256,376
21, 0, 272,376
21, 0, 220,332
21, 0, 236,332
21, 0, 252,332
21, 0, 268,332
21, 0, 120,288
21, 0, 104,288
21, 0, 88,292
21, 0, 72,292
23, 0, 276,128
23, 0, 80,72
23, 0, 268,28
17, 0, 216,1680
17, 0, 92,1712
17, 0, 244,1728
17, 0, 192,1912
17, 0, 28,2016
17, 0, 268,2008
17, 0, 112,1564
17, 0, 260,1240
17, 0, 96,1236
17, 0, 220,1200
17, 0, 60,1144
17, 0, 236,1144
17, 0, 120,1092
17, 0, 296,1068
17, 0, 44,1052
17, 0, 276,1016
17, 0, 200,1080
3, 2, 240,664
3, 2, 188,840
3, 2, 72,800
3, 2, 104,628
3, 2, 32,496
3, 2, 96,760
3, 2, 68,716
3, 2, 188,696
3, 2, 156,664
3, 2, 144,920
3, 2, 216,928
3, 2, 284,912
3, 2, 76,852
3, 2, 312,844
3, 2, 308,792
3, 2, 200,792
3, 2, 300,752
3, 2, 296,700
3, 2, 292,652
3, 2, 160,572
3, 2, 128,604
3, 2, 60,604
3, 2, 44,572
3, 2, 324,572
3, 2, 320,496
19, 0, 276,1088
19, 0, 132,520
/
